<?xml version="1.0"?>
<!--<!DOCTYPE metadata SYSTEM "http://www.esri.com/metadata/esriprof80.dtd">-->
<metadata xml:lang="en"><Esri><MetaID>{E72DB71A-B03C-48FC-8DB4-9128AEC8BBC6}</MetaID><CreaDate>20070205</CreaDate><CreaTime>14315100</CreaTime><SyncOnce>FALSE</SyncOnce><DataProperties><lineage><Process Name="Merge_1" ToolSource="C:\Program Files\ArcGIS\ArcToolbox\Toolboxes\Data Management Tools.tbx\Merge" Date="20070205" Time="143151">Merge agate_mcp;bechler_mcp;cougar_mcp;druid_mcp;gibbon_mcp;hayden_mcp;oxbow_mcp;leopold_mcp;hellroaring_mcp;mollies_mcp;slough_mcp;swan_lake_mcp;yell_delta_mcp X:\wolf_project\Territory_Maps\2006\2006_ynp_mcp.shp "LINKID LINKID true false false 11 Double 0 11 ,First,#,agate_mcp,LINKID,-1,-1,bechler_mcp,LINKID,-1,-1,cougar_mcp,LINKID,-1,-1,druid_mcp,LINKID,-1,-1,gibbon_mcp,LINKID,-1,-1,hayden_mcp,LINKID,-1,-1,oxbow_mcp,LINKID,-1,-1,leopold_mcp,LINKID,-1,-1,hellroaring_mcp,LINKID,-1,-1,mollies_mcp,LINKID,-1,-1,slough_mcp,LINKID,-1,-1,swan_lake_mcp,LINKID,-1,-1,yell_delta_mcp,LINKID,-1,-1;AREA AREA true false false 16 Double 3 15 ,First,#,agate_mcp,AREA,-1,-1,bechler_mcp,AREA,-1,-1,cougar_mcp,AREA,-1,-1,druid_mcp,AREA,-1,-1,gibbon_mcp,AREA,-1,-1,hayden_mcp,AREA,-1,-1,oxbow_mcp,AREA,-1,-1,leopold_mcp,AREA,-1,-1,hellroaring_mcp,AREA,-1,-1,mollies_mcp,AREA,-1,-1,slough_mcp,AREA,-1,-1,swan_lake_mcp,AREA,-1,-1,yell_delta_mcp,AREA,-1,-1;PERIMETER PERIMETER true false false 16 Double 3 15 ,First,#,agate_mcp,PERIMETER,-1,-1,bechler_mcp,PERIMETER,-1,-1,cougar_mcp,PERIMETER,-1,-1,druid_mcp,PERIMETER,-1,-1,gibbon_mcp,PERIMETER,-1,-1,hayden_mcp,PERIMETER,-1,-1,oxbow_mcp,PERIMETER,-1,-1,leopold_mcp,PERIMETER,-1,-1,hellroaring_mcp,PERIMETER,-1,-1,mollies_mcp,PERIMETER,-1,-1,slough_mcp,PERIMETER,-1,-1,swan_lake_mcp,PERIMETER,-1,-1,yell_delta_mcp,PERIMETER,-1,-1;ACRES ACRES true false false 16 Double 3 15 ,First,#,agate_mcp,ACRES,-1,-1,bechler_mcp,ACRES,-1,-1,cougar_mcp,ACRES,-1,-1,druid_mcp,ACRES,-1,-1,gibbon_mcp,ACRES,-1,-1,hayden_mcp,ACRES,-1,-1,oxbow_mcp,ACRES,-1,-1,leopold_mcp,ACRES,-1,-1,hellroaring_mcp,ACRES,-1,-1,mollies_mcp,ACRES,-1,-1,slough_mcp,ACRES,-1,-1,swan_lake_mcp,ACRES,-1,-1,yell_delta_mcp,ACRES,-1,-1;X_COORD X_COORD true false false 18 Double 7 17 ,First,#,agate_mcp,X_COORD,-1,-1,bechler_mcp,X_COORD,-1,-1,cougar_mcp,X_COORD,-1,-1,druid_mcp,X_COORD,-1,-1,gibbon_mcp,X_COORD,-1,-1,hayden_mcp,X_COORD,-1,-1,oxbow_mcp,X_COORD,-1,-1,leopold_mcp,X_COORD,-1,-1,hellroaring_mcp,X_COORD,-1,-1,mollies_mcp,X_COORD,-1,-1,slough_mcp,X_COORD,-1,-1,swan_lake_mcp,X_COORD,-1,-1,yell_delta_mcp,X_COORD,-1,-1;Y_COORD Y_COORD true false false 18 Double 7 17 ,First,#,agate_mcp,Y_COORD,-1,-1,bechler_mcp,Y_COORD,-1,-1,cougar_mcp,Y_COORD,-1,-1,druid_mcp,Y_COORD,-1,-1,gibbon_mcp,Y_COORD,-1,-1,hayden_mcp,Y_COORD,-1,-1,oxbow_mcp,Y_COORD,-1,-1,leopold_mcp,Y_COORD,-1,-1,hellroaring_mcp,Y_COORD,-1,-1,mollies_mcp,Y_COORD,-1,-1,slough_mcp,Y_COORD,-1,-1,swan_lake_mcp,Y_COORD,-1,-1,yell_delta_mcp,Y_COORD,-1,-1"</Process></lineage></DataProperties><SyncDate>20070222</SyncDate><SyncTime>16242500</SyncTime><ModDate>20070222</ModDate><ModTime>16242500</ModTime></Esri><idinfo><native Sync="TRUE">Microsoft Windows XP Version 5.1 (Build 2600) Service Pack 2; ESRI ArcCatalog 9.2.0.1324</native><descript><langdata Sync="TRUE">en</langdata><abstract>REQUIRED: A brief narrative summary of the data set.</abstract><purpose>REQUIRED: A summary of the intentions with which the data set was developed.</purpose></descript><citation><citeinfo><origin>REQUIRED: The name of an organization or individual that developed the data set.</origin><pubdate>REQUIRED: The date when the data set is published or otherwise made available for release.</pubdate><title Sync="TRUE">2006_ynp_mcp</title><ftname Sync="TRUE">2006_ynp_mcp</ftname><geoform Sync="TRUE">vector digital data</geoform><onlink Sync="TRUE">\\inpyellgis2\gisusers\wolf_project\Territory_Maps\2006\2006_ynp_mcp.shp</onlink></citeinfo></citation><timeperd><current>REQUIRED: The basis on which the time period of content information is determined.</current><timeinfo><sngdate><caldate>REQUIRED: The year (and optionally month, or month and day) for which the data set corresponds to the ground.</caldate></sngdate></timeinfo></timeperd><status><progress>REQUIRED: The state of the data set.</progress><update>REQUIRED: The frequency with which changes and additions are made to the data set after the initial data set is completed.</update></status><spdom><bounding><westbc Sync="TRUE">REQUIRED: Western-most coordinate of the limit of coverage expressed in longitude.</westbc><eastbc Sync="TRUE">REQUIRED: Eastern-most coordinate of the limit of coverage expressed in longitude.</eastbc><northbc Sync="TRUE">REQUIRED: Northern-most coordinate of the limit of coverage expressed in latitude.</northbc><southbc Sync="TRUE">REQUIRED: Southern-most coordinate of the limit of coverage expressed in latitude.</southbc></bounding><lboundng><leftbc Sync="TRUE">490750.000000</leftbc><rightbc Sync="TRUE">582439.000000</rightbc><bottombc Sync="TRUE">4879922.000000</bottombc><topbc Sync="TRUE">5007395.000000</topbc></lboundng></spdom><keywords><theme><themekt>REQUIRED: Reference to a formally registered thesaurus or a similar authoritative source of theme keywords.</themekt><themekey>REQUIRED: Common-use word or phrase used to describe the subject of the data set.</themekey></theme></keywords><accconst>REQUIRED: Restrictions and legal prerequisites for accessing the data set.</accconst><useconst>REQUIRED: Restrictions and legal prerequisites for using the data set after access is granted.</useconst><natvform Sync="TRUE">Shapefile</natvform></idinfo><dataIdInfo><envirDesc Sync="TRUE">Microsoft Windows XP Version 5.1 (Build 2600) Service Pack 2; ESRI ArcCatalog 9.2.0.1324</envirDesc><dataLang><languageCode Sync="TRUE" value="en"></languageCode></dataLang><idCitation><resTitle Sync="TRUE">2006_ynp_mcp</resTitle><presForm><PresFormCd Sync="TRUE" value="005"></PresFormCd></presForm></idCitation><spatRpType><SpatRepTypCd Sync="TRUE" value="001"></SpatRepTypCd></spatRpType><dataExt><geoEle><GeoBndBox esriExtentType="native"><westBL Sync="TRUE">490750</westBL><eastBL Sync="TRUE">582439</eastBL><northBL Sync="TRUE">5007395</northBL><southBL Sync="TRUE">4879922</southBL><exTypeCode Sync="TRUE">1</exTypeCode></GeoBndBox></geoEle></dataExt></dataIdInfo><metainfo><langmeta Sync="TRUE">en</langmeta><metstdn Sync="TRUE">FGDC Content Standards for Digital Geospatial Metadata</metstdn><metstdv Sync="TRUE">FGDC-STD-001-1998</metstdv><mettc Sync="TRUE">local time</mettc><metextns><onlink Sync="TRUE">http://www.esri.com/metadata/esriprof80.html</onlink><metprof Sync="TRUE">ESRI Metadata Profile</metprof></metextns><metc><cntinfo><cntorgp><cntper>REQUIRED: The person responsible for the metadata information.</cntper><cntorg>REQUIRED: The organization responsible for the metadata information.</cntorg></cntorgp><cntaddr><addrtype>REQUIRED: The mailing and/or physical address for the organization or individual.</addrtype><city>REQUIRED: The city of the address.</city><state>REQUIRED: The state or province of the address.</state><postal>REQUIRED: The ZIP or other postal code of the address.</postal></cntaddr><cntvoice>REQUIRED: The telephone number by which individuals can speak to the organization or individual.</cntvoice></cntinfo></metc><metd Sync="TRUE">20070222</metd></metainfo><mdLang><languageCode Sync="TRUE" value="en"></languageCode></mdLang><mdStanName Sync="TRUE">ISO 19115 Geographic Information - Metadata</mdStanName><mdStanVer Sync="TRUE">DIS_ESRI1.0</mdStanVer><mdChar><CharSetCd Sync="TRUE" value="004"></CharSetCd></mdChar><mdHrLv><ScopeCd Sync="TRUE" value="005"></ScopeCd></mdHrLv><mdHrLvName Sync="TRUE">dataset</mdHrLvName><distinfo><resdesc Sync="TRUE">Downloadable Data</resdesc><stdorder><digform><digtinfo><transize Sync="TRUE">0.002</transize><dssize Sync="TRUE">0.002</dssize></digtinfo></digform></stdorder></distinfo><distInfo><distributor><distorTran><onLineSrc><orDesc Sync="TRUE">002</orDesc><linkage Sync="TRUE">file://\\inpyellgis2\gisusers\wolf_project\Territory_Maps\2006\2006_ynp_mcp.shp</linkage><protocol Sync="TRUE">Local Area Network</protocol></onLineSrc><transSize Sync="TRUE">0.002</transSize></distorTran><distorFormat><formatName Sync="TRUE">Shapefile</formatName></distorFormat></distributor></distInfo><spdoinfo><direct Sync="TRUE">Vector</direct><ptvctinf><esriterm Name="2006_ynp_mcp"><efeatyp Sync="TRUE">Simple</efeatyp><efeageom Sync="TRUE">Polygon</efeageom><esritopo Sync="TRUE">FALSE</esritopo><efeacnt Sync="TRUE">13</efeacnt><spindex Sync="TRUE">TRUE</spindex><linrefer Sync="TRUE">FALSE</linrefer></esriterm><sdtsterm Name="2006_ynp_mcp"><sdtstype Sync="TRUE">G-polygon</sdtstype><ptvctcnt Sync="TRUE">13</ptvctcnt></sdtsterm></ptvctinf></spdoinfo><spatRepInfo><VectSpatRep><topLvl><TopoLevCd Sync="TRUE" value="001"></TopoLevCd></topLvl><geometObjs Name="2006_ynp_mcp"><geoObjTyp><GeoObjTypCd Sync="TRUE" value="001"></GeoObjTypCd></geoObjTyp><geoObjCnt Sync="TRUE">13</geoObjCnt></geometObjs></VectSpatRep></spatRepInfo><eainfo><detailed Name="2006_ynp_mcp"><enttyp><enttypl Sync="TRUE">2006_ynp_mcp</enttypl><enttypt Sync="TRUE">Feature Class</enttypt><enttypc Sync="TRUE">13</enttypc></enttyp><attr><attrlabl Sync="TRUE">FID</attrlabl><attalias Sync="TRUE">FID</attalias><attrtype Sync="TRUE">OID</attrtype><attwidth Sync="TRUE">4</attwidth><atprecis Sync="TRUE">0</atprecis><attscale Sync="TRUE">0</attscale><attrdef Sync="TRUE">Internal feature number.</attrdef><attrdefs Sync="TRUE">ESRI</attrdefs><attrdomv><udom Sync="TRUE">Sequential unique whole numbers that are automatically generated.</udom></attrdomv></attr><attr><attrlabl Sync="TRUE">Shape</attrlabl><attalias Sync="TRUE">Shape</attalias><attrtype Sync="TRUE">Geometry</attrtype><attwidth Sync="TRUE">0</attwidth><atprecis Sync="TRUE">0</atprecis><attscale Sync="TRUE">0</attscale><attrdef Sync="TRUE">Feature geometry.</attrdef><attrdefs Sync="TRUE">ESRI</attrdefs><attrdomv><udom Sync="TRUE">Coordinates defining the features.</udom></attrdomv></attr><attr><attrlabl Sync="TRUE">LINKID</attrlabl><attalias Sync="TRUE">LINKID</attalias><attrtype Sync="TRUE">Number</attrtype><attwidth Sync="TRUE">11</attwidth></attr><attr><attrlabl Sync="TRUE">AREA</attrlabl><attalias Sync="TRUE">AREA</attalias><attrtype Sync="TRUE">Number</attrtype><attwidth Sync="TRUE">16</attwidth><atnumdec Sync="TRUE">3</atnumdec></attr><attr><attrlabl Sync="TRUE">PERIMETER</attrlabl><attalias Sync="TRUE">PERIMETER</attalias><attrtype Sync="TRUE">Number</attrtype><attwidth Sync="TRUE">16</attwidth><atnumdec Sync="TRUE">3</atnumdec></attr><attr><attrlabl Sync="TRUE">ACRES</attrlabl><attalias Sync="TRUE">ACRES</attalias><attrtype Sync="TRUE">Number</attrtype><attwidth Sync="TRUE">16</attwidth><atnumdec Sync="TRUE">3</atnumdec></attr><attr><attrlabl Sync="TRUE">X_COORD</attrlabl><attalias Sync="TRUE">X_COORD</attalias><attrtype Sync="TRUE">Number</attrtype><attwidth Sync="TRUE">18</attwidth><atnumdec Sync="TRUE">7</atnumdec></attr><attr><attrlabl Sync="TRUE">Y_COORD</attrlabl><attalias Sync="TRUE">Y_COORD</attalias><attrtype Sync="TRUE">Number</attrtype><attwidth Sync="TRUE">18</attwidth><atnumdec Sync="TRUE">7</atnumdec></attr></detailed></eainfo><mdDateSt Sync="TRUE">20070222</mdDateSt></metadata>
