<?xml version="1.0" encoding="UTF-8"?>
<metadata xml:lang="en"><Esri><CreaDate>20170208</CreaDate><CreaTime>16100600</CreaTime><ArcGISFormat>1.0</ArcGISFormat><ArcGISstyle>XTools Pro Metadata</ArcGISstyle><SyncOnce>TRUE</SyncOnce><DataProperties><itemProps><itemLocation><linkage Sync="TRUE">file://\\inpyellgisapps\wolves\data_analyses\GIS_Projects\ArcGIS_Projects\Territories\2016\MCPs\wolfmcp_CINNABAR</linkage><protocol Sync="TRUE">Local Area Network</protocol></itemLocation></itemProps><copyHistory><copy source="O:\data_analyses\GIS_Projects\ArcGIS_Projects\Territories\2016\wolfRdata\wolfmcp_CINNABAR" dest="\\inpyellgisapps\wolves\data_analyses\GIS_Projects\ArcGIS_Projects\Territories\2016\MCPs\wolfmcp_CINNABAR" date="20170208" time="16100600"></copy></copyHistory></DataProperties></Esri></metadata>
